<?xml version="1.0" encoding="UTF-8"?>
<!DOCTYPE bindings PUBLIC "-//NetBeans//DTD Editor KeyBindings settings 1.1//EN" "http://www.netbeans.org/dtds/EditorKeyBindings-1_1.dtd">
<bindings>
    <bind actionName="complete-line" key="SD-ENTER"/>
    <bind actionName="fast-import" key="DO-SPACE"/>
    <bind actionName="fix-imports" key="DO-O"/>
    <bind actionName="goto-source" key="F4"/>
    <bind actionName="goto-source" key="SD-B"/>
    <bind actionName="goto-super-implementation" key="D-U"/>
    <bind actionName="in-place-refactoring" key="S-F6"/>
    <bind actionName="introduce-constant" key="DO-C"/>
    <bind actionName="introduce-field" key="DO-F"/>
    <bind actionName="introduce-method" key="DO-M"/>
    <bind actionName="introduce-variable" key="DO-V"/>
    <bind actionName="select-element-next" key="D-W"/>
    <bind actionName="select-element-previous" key="SD-W"/>
    <bind actionName="toggle-comment" key="D-SLASH"/>
</bindings>
