<?xml version="1.0" encoding="UTF-8"?>
<!DOCTYPE bindings PUBLIC "-//NetBeans//DTD Editor KeyBindings settings 1.1//EN" "http://www.netbeans.org/dtds/EditorKeyBindings-1_1.dtd">
<bindings>
    <bind actionName="add-caret-down" key="SO-CLOSE_BRACKET"/>
    <bind actionName="add-caret-up" key="SO-OPEN_BRACKET"/>
    <bind actionName="addCaretSelectAll" key="SDO-J"/>
    <bind actionName="addCaretSelectNext" key="O-J"/>
    <bind actionName="adjust-caret-bottom" key="D-PAGE_DOWN"/>
    <bind actionName="adjust-caret-top" key="D-PAGE_UP"/>
    <bind actionName="caret-backward" key="LEFT"/>
    <bind actionName="caret-backward" key="KP_LEFT"/>
    <bind actionName="caret-begin" key="D-HOME"/>
    <bind actionName="caret-begin-line" key="HOME"/>
    <bind actionName="caret-down" key="DOWN"/>
    <bind actionName="caret-down" key="KP_DOWN"/>
    <bind actionName="caret-end" key="D-END"/>
    <bind actionName="caret-end-line" key="END"/>
    <bind actionName="caret-forward" key="RIGHT"/>
    <bind actionName="caret-forward" key="KP_RIGHT"/>
    <bind actionName="caret-next-word" key="D-RIGHT"/>
    <bind actionName="caret-previous-word" key="D-LEFT"/>
    <bind actionName="caret-up" key="UP"/>
    <bind actionName="caret-up" key="KP_UP"/>
    <bind actionName="clipboard-history" key="SD-V"/>
    <bind actionName="clipboard-lines" key="SD-L"/>
    <bind actionName="collapse-all-folds" key="SD-MINUS"/>
    <bind actionName="collapse-all-folds" key="SD-SUBTRACT"/>
    <bind actionName="collapse-fold" key="D-MINUS"/>
    <bind actionName="collapse-fold" key="D-SUBTRACT"/>
    <bind actionName="completion-show" key="SD-SPACE"/>
    <bind actionName="completion-show" key="D-SPACE"/>
    <bind actionName="copy-selection-else-line-down" key="D-D"/>
    <bind actionName="copy-selection-else-line-up" key="SD-D"/>
    <bind actionName="copy-to-clipboard" key="D-INSERT"/>
    <bind actionName="copy-to-clipboard" key="D-C"/>
    <bind actionName="copy-to-clipboard" key="COPY"/>
    <bind actionName="cut-to-clipboard" key="S-DELETE"/>
    <bind actionName="cut-to-clipboard" key="D-X"/>
    <bind actionName="cut-to-clipboard" key="CUT"/>
    <bind actionName="delete-next" key="DELETE"/>
    <bind actionName="delete-previous" key="BACK_SPACE"/>
    <bind actionName="delete-previous" key="S-BACK_SPACE"/>
    <bind actionName="documentation-show" key="D-Q"/>
    <bind actionName="expand-all-folds" key="SD-ADD"/>
    <bind actionName="expand-all-folds" key="SD-PLUS"/>
    <bind actionName="expand-all-folds" key="SD-EQUALS"/>
    <bind actionName="expand-fold" key="D-PLUS"/>
    <bind actionName="expand-fold" key="D-EQUALS"/>
    <bind actionName="expand-fold" key="D-ADD"/>
    <bind actionName="find" key="O-F3"/>
    <bind actionName="find-next" key="F3"/>
    <bind actionName="find-previous" key="S-F3"/>
    <bind actionName="find-selection" key="SD-F7"/>
    <bind actionName="find-selection" key="D-F3"/>
    <bind actionName="format" key="DO-L"/>
    <bind actionName="generate-code" key="O-INSERT"/>
    <bind actionName="goto" key="D-G"/>
    <bind actionName="goto-declaration" key="D-B"/>
    <bind actionName="insert-break" key="ENTER"/>
    <bind actionName="insert-tab" key="TAB"/>
    <bind actionName="jump-list-last-edit" key="SD-BACK_SPACE"/>
    <bind actionName="jump-list-next" key="DO-RIGHT"/>
    <bind actionName="jump-list-prev" key="DO-LEFT"/>
    <bind actionName="match-brace" key="D-OPEN_BRACKET"/>
    <bind actionName="match-brace" key="D-CLOSE_BRACKET"/>
    <bind actionName="move-selection-else-line-down" key="SD-DOWN"/>
    <bind actionName="move-selection-else-line-up" key="SD-UP"/>
    <bind actionName="page-down" key="PAGE_DOWN"/>
    <bind actionName="page-up" key="PAGE_UP"/>
    <bind actionName="paste-formated" key="D-V"/>
    <bind actionName="redo" key="SD-Z"/>
    <bind actionName="reindent-line" key="DO-I"/>
    <bind actionName="remove-last-caret" key="SO-J"/>
    <bind actionName="remove-line" key="D-Y"/>
    <bind actionName="remove-tab" key="S-TAB"/>
    <bind actionName="remove-word-next" key="D-DELETE"/>
    <bind actionName="remove-word-previous" key="D-BACK_SPACE"/>
    <bind actionName="scroll-down" key="D-UP"/>
    <bind actionName="scroll-up" key="D-DOWN"/>
    <bind actionName="select-all" key="D-A"/>
    <bind actionName="selection-backward" key="S-LEFT"/>
    <bind actionName="selection-begin" key="SD-HOME"/>
    <bind actionName="selection-begin-line" key="S-HOME"/>
    <bind actionName="selection-down" key="S-DOWN"/>
    <bind actionName="selection-end" key="SD-END"/>
    <bind actionName="selection-end-line" key="S-END"/>
    <bind actionName="selection-forward" key="S-RIGHT"/>
    <bind actionName="selection-match-brace" key="SD-OPEN_BRACKET"/>
    <bind actionName="selection-match-brace" key="SD-CLOSE_BRACKET"/>
    <bind actionName="selection-next-word" key="SD-RIGHT"/>
    <bind actionName="selection-page-down" key="S-PAGE_DOWN"/>
    <bind actionName="selection-page-up" key="S-PAGE_UP"/>
    <bind actionName="selection-previous-word" key="SD-LEFT"/>
    <bind actionName="selection-up" key="S-UP"/>
    <bind actionName="split-line" key="D-ENTER"/>
    <bind actionName="start-new-line" key="S-ENTER"/>
    <bind actionName="switch-case" key="SD-U"/>
    <bind actionName="toggle-typing-mode" key="INSERT"/>
    <bind actionName="tooltip-show" key="D-P"/>
    <bind actionName="undo" key="D-Z"/>
    <bind actionName="undo" key="UNDO"/>
</bindings>
